Gene1,Gene2,label
143,176,0
187,113,0
53,51,1
174,83,0
47,155,0
154,18,0
168,13,0
27,7,1
143,116,1
88,165,0
198,185,1
47,91,1
178,94,1
1,116,0
198,90,1
0,57,1
60,177,1
8,129,0
0,20,0
1,85,0
22,0,1
199,127,1
154,127,0
0,142,1
136,120,0
9,94,0
199,151,1
34,71,1
116,30,0
74,114,1
5,207,0
87,40,0
81,201,0
157,51,1
200,48,0
97,159,0
169,132,0
183,4,0
207,50,0
53,57,1
100,52,0
17,124,0
0,187,1
122,197,1
58,152,0
58,73,0
198,145,1
195,120,0
122,92,1
47,105,1
47,152,1
35,75,0
34,183,0
64,54,1
132,161,1
34,126,1
5,18,0
123,98,1
8,187,0
14,5,1
87,119,0
122,119,1
140,0,1
196,5,0
53,0,1
122,177,0
140,36,1
45,167,0
27,125,1
164,159,1
130,92,1
144,63,0
207,32,0
27,161,0
141,86,0
121,57,0
141,56,0
143,25,0
122,160,1
33,134,0
95,177,0
51,80,0
143,9,1
0,83,0
161,40,0
100,173,0
57,120,0
64,35,1
158,70,0
60,79,0
152,202,0
141,57,1
0,177,0
164,33,1
148,114,0
47,202,0
178,74,1
170,205,0
124,75,0
53,173,0
22,71,1
47,130,0
2,39,1
143,71,0
122,189,1
111,52,0
74,65,1
121,115,0
122,34,1
123,112,1
70,97,0
107,57,0
60,206,1
0,6,1
117,115,0
21,116,0
143,86,0
27,33,0
8,79,0
199,115,1
180,93,0
0,184,1
178,28,1
22,195,1
199,25,1
76,162,0
22,55,1
123,53,1
123,28,1
121,42,0
22,25,1
195,31,0
92,115,0
91,185,0
149,179,0
27,45,1
49,202,0
149,70,0
167,197,0
140,77,1
27,128,0
187,157,0
187,97,0
116,173,0
0,17,1
14,33,1
55,107,0
198,25,1
46,191,0
143,122,1
194,180,0
53,127,1
198,14,1
176,20,0
22,13,1
199,29,1
109,176,0
141,135,1
122,50,1
108,197,0
74,77,1
48,206,0
61,17,0
123,49,1
140,165,0
121,163,1
172,175,0
157,107,0
123,77,1
122,9,1
51,20,0
74,82,0
159,36,0
133,52,0
178,63,1
80,45,0
205,145,0
64,110,1
2,144,1
140,11,1
153,9,0
47,132,1
35,36,0
2,85,1
7,67,0
178,194,1
178,5,1
45,57,0
197,129,0
53,131,1
181,24,0
123,17,1
132,147,0
58,61,0
138,129,0
95,77,0
74,200,1
60,113,1
60,18,1
84,42,0
141,58,0
153,56,0
107,142,0
121,182,0
78,54,0
122,81,1
62,107,0
0,172,1
110,109,0
2,14,1
60,140,1
130,199,1
141,173,0
5,176,0
53,40,1
141,9,1
28,70,1
28,172,1
159,67,0
143,134,1
164,78,1
193,204,0
178,181,1
116,201,0
52,129,0
125,39,0
130,134,0
141,150,1
28,61,1
157,191,1
54,119,0
53,26,1
178,29,1
198,42,1
74,105,1
121,174,1
27,46,0
121,127,0
122,74,1
14,156,1
171,158,1
104,169,0
161,109,0
82,205,0
201,154,0
88,117,0
34,182,0
143,38,0
117,57,0
180,125,0
27,133,1
74,152,1
19,138,0
81,144,0
169,170,0
55,51,0
76,85,0
114,102,0
50,110,0
149,154,0
141,208,0
117,186,0
68,207,0
91,138,0
143,4,1
47,178,1
143,54,1
178,140,1
141,207,0
112,30,0
178,196,0
199,33,1
172,9,0
49,176,0
127,194,0
100,195,0
107,88,0
178,139,1
206,107,0
143,155,0
53,38,1
52,38,0
47,96,0
64,72,0
64,172,1
105,135,0
74,153,1
0,30,1
47,114,1
0,65,1
143,185,0
60,128,1
11,155,0
177,97,0
198,2,1
140,97,1
74,14,1
157,52,1
28,58,0
33,162,0
104,29,0
201,1,0
34,70,0
143,8,1
157,33,1
60,157,1
14,146,1
53,14,1
123,118,0
74,116,1
22,129,1
144,88,0
147,142,0
51,173,0
140,166,1
143,94,1
123,193,1
198,160,1
154,121,0
143,184,1
28,96,0
141,112,0
33,4,0
197,66,0
152,149,0
17,35,0
198,33,1
161,186,0
140,129,1
154,66,0
47,148,0
5,156,1
132,71,1
2,161,1
27,0,1
189,29,0
154,159,0
140,193,0
74,182,1
176,125,0
130,143,1
171,110,1
87,118,0
14,194,1
53,5,1
134,83,0
63,31,0
97,113,0
127,16,0
198,34,1
157,61,0
141,200,1
132,173,0
74,149,1
198,73,1
120,142,0
60,182,1
119,43,0
74,36,1
95,161,0
53,155,1
122,201,1
199,1,1
17,101,0
70,168,0
113,126,0
58,49,0
140,142,1
151,43,0
148,92,0
35,80,0
28,205,1
157,181,0
177,40,0
139,137,0
122,165,0
47,45,0
121,5,1
53,146,1
171,164,1
117,33,1
2,180,1
14,63,1
50,1,0
123,96,1
28,196,0
14,8,1
27,24,1
39,158,0
140,132,1
166,51,0
43,44,0
134,194,0
53,153,1
117,142,0
198,199,1
53,137,0
178,55,1
141,192,0
2,97,1
30,162,0
14,58,0
0,136,1
21,82,0
23,97,0
14,16,0
156,96,0
35,194,0
199,146,1
27,66,1
186,33,0
14,113,1
28,97,1
11,186,0
122,131,0
53,167,1
117,11,0
140,72,0
175,113,0
141,39,0
130,198,1
143,108,1
123,18,1
60,47,1
129,139,0
198,0,1
14,57,0
28,11,1
17,39,0
34,88,1
147,117,0
123,165,0
34,58,1
164,132,1
199,7,1
199,76,1
198,173,0
164,193,1
208,40,0
27,148,0
121,64,1
93,39,0
110,59,0
60,26,1
157,108,0
152,30,0
198,121,1
147,92,0
143,152,1
117,41,0
64,74,1
157,76,0
157,101,0
88,158,0
68,170,0
198,32,1
37,87,0
60,107,1
28,132,0
22,139,1
132,118,1
164,22,1
0,124,1
98,13,0
22,158,1
34,188,1
169,177,0
101,143,0
60,51,1
2,203,1
178,165,1
14,69,1
74,41,0
178,148,1
178,115,1
132,55,0
15,57,0
74,24,1
169,86,0
50,156,0
34,197,0
40,39,0
90,161,0
61,39,0
97,38,0
68,90,0
86,52,0
56,93,0
51,97,0
130,176,1
198,170,1
53,20,0
22,155,1
22,198,1
60,142,1
129,179,0
64,196,0
180,95,0
53,76,1
202,13,0
140,144,1
123,59,1
121,146,0
197,91,0
39,135,0
122,148,1
0,92,1
178,17,1
140,58,1
205,77,0
5,119,0
199,116,1
131,16,0
0,193,1
122,93,1
64,148,1
157,91,1
139,12,0
125,88,0
28,9,1
53,145,0
174,25,0
6,77,0
2,1,1
0,35,1
178,186,1
27,12,0
65,21,0
157,200,0
23,191,0
178,26,1
140,4,1
60,163,1
178,121,1
30,48,0
66,179,0
133,84,0
77,179,0
157,75,0
187,161,0
14,106,0
208,104,0
171,205,1
178,21,1
164,18,1
141,105,1
130,53,1
123,139,1
174,92,0
74,63,1
59,26,0
168,156,0
60,145,0
2,147,1
143,82,1
80,11,0
141,128,0
152,70,0
79,33,0
178,30,1
120,12,0
163,160,0
74,6,1
123,88,1
35,6,0
170,168,0
198,152,1
100,93,0
130,187,1
178,54,1
170,50,0
171,16,0
46,180,0
51,69,0
166,189,0
199,182,1
55,145,0
71,173,0
22,44,1
60,29,1
22,65,1
64,160,1
132,127,0
123,140,1
123,86,1
53,150,1
141,119,1
199,57,1
140,92,0
53,128,0
0,5,1
199,126,1
178,128,0
64,33,1
197,135,0
2,27,1
53,130,1
74,87,1
47,58,1
122,23,1
178,72,0
22,166,1
34,68,0
178,206,1
143,157,0
27,182,1
175,181,0
74,30,1
89,109,0
53,45,1
132,143,1
191,165,0
143,161,0
64,23,1
47,59,1
150,80,0
13,61,0
99,126,1
27,141,1
58,11,0
143,188,1
63,21,0
122,72,0
178,185,0
143,78,0
60,111,1
121,105,0
0,168,1
36,150,0
184,194,0
11,166,0
54,167,0
182,73,0
164,203,1
60,108,1
164,196,1
121,207,0
160,10,0
143,16,0
140,5,1
199,157,1
86,114,0
198,95,1
132,3,0
77,45,0
47,0,1
53,183,1
171,186,1
138,151,0
19,93,0
14,153,0
115,155,0
111,187,0
130,11,1
141,101,0
47,64,0
14,172,1
123,70,1
130,166,1
188,95,0
178,36,1
126,89,0
122,191,1
169,82,0
28,199,1
14,90,1
171,119,1
34,74,1
102,105,0
141,98,0
28,104,1
121,84,1
141,177,0
138,77,0
13,82,0
53,22,1
122,31,1
133,67,0
201,165,0
143,167,1
184,162,0
15,179,0
70,82,0
122,75,0
64,38,1
116,207,0
27,39,0
139,144,0
14,60,1
198,178,1
22,12,0
44,163,0
143,137,0
198,200,1
22,24,1
123,55,1
14,73,0
171,96,1
199,143,1
11,118,0
74,86,1
140,189,1
123,129,1
113,5,0
39,8,0
170,101,0
27,91,1
130,86,0
22,157,1
99,142,1
143,87,1
60,41,1
168,75,0
98,204,0
0,3,0
194,167,0
182,129,0
22,183,1
204,18,0
14,35,1
199,122,1
123,87,1
12,18,0
178,91,1
144,158,0
121,100,0
178,119,1
43,174,0
70,75,0
0,199,1
132,82,1
47,112,0
198,77,1
27,97,1
47,125,1
2,205,1
198,181,1
99,145,1
14,102,1
183,120,0
99,128,1
130,189,0
53,79,1
121,89,0
199,27,1
100,111,0
0,25,1
143,2,1
140,75,0
185,69,0
0,208,1
143,195,1
61,6,0
144,172,0
62,203,0
60,195,1
47,107,1
5,157,1
64,133,1
117,199,1
117,141,0
30,1,0
198,69,1
69,11,0
199,23,1
28,113,1
109,24,0
74,171,1
119,126,0
74,208,1
82,166,0
27,6,1
11,104,0
53,201,1
206,182,0
2,54,1
53,110,1
14,61,1
124,78,0
171,55,1
9,23,0
53,69,1
14,87,1
99,20,0
54,168,0
9,70,0
164,122,1
86,144,0
63,11,1
164,121,1
201,120,0
19,112,0
164,199,1
17,201,0
172,132,0
164,67,1
123,67,0
74,98,0
121,85,0
65,92,0
117,97,1
64,179,0
186,103,0
22,41,1
107,40,0
122,41,1
73,97,0
123,56,1
134,147,0
164,133,1
26,90,0
22,121,1
178,159,1
64,195,1
113,193,0
74,58,1
59,108,0
28,45,1
70,195,0
45,93,0
164,55,1
22,43,1
66,23,0
22,119,1
2,135,1
30,55,0
78,129,0
34,200,1
100,91,0
164,169,1
47,42,1
153,163,0
198,92,1
199,110,1
22,45,1
178,46,1
164,13,1
140,178,1
198,72,0
78,16,0
53,158,1
171,38,1
27,204,1
103,69,0
2,134,1
2,116,1
74,128,1
44,36,0
122,2,1
28,203,1
198,206,1
171,68,1
122,5,1
64,106,0
116,42,0
149,87,0
123,37,1
34,202,0
111,206,0
170,183,0
7,205,0
201,37,0
198,134,1
22,31,0
99,166,0
123,183,1
60,72,1
93,156,0
141,49,0
29,153,0
199,37,1
17,62,0
14,37,1
43,93,0
121,66,1
14,27,1
65,58,0
14,171,1
35,87,0
124,49,0
52,16,0
66,190,0
168,153,0
22,63,1
157,25,0
47,123,1
53,157,1
53,47,1
14,168,1
22,130,1
140,131,0
22,23,1
1,96,0
157,173,1
123,120,1
194,129,0
14,174,0
88,120,0
18,56,0
60,13,1
176,115,0
141,127,1
117,59,1
178,14,1
27,38,1
37,33,0
59,157,0
47,100,1
199,68,1
45,126,0
140,207,0
4,18,0
27,146,0
74,134,1
111,202,0
105,21,0
34,142,1
198,64,1
113,50,0
22,1,1
199,134,1
116,157,0
171,59,1
121,17,0
34,13,0
182,39,0
143,100,1
55,29,0
186,80,0
47,23,0
0,170,1
47,207,1
186,95,0
0,131,0
200,127,0
123,166,1
34,158,1
164,113,1
121,59,1
140,200,1
13,183,0
203,94,0
123,65,1
27,36,1
47,180,0
91,147,0
6,75,0
130,91,1
22,154,1
36,149,0
121,131,1
74,44,1
74,31,0
164,102,1
198,19,1
99,162,1
132,153,0
62,72,0
121,132,1
122,52,1
22,102,1
64,146,1
11,107,0
85,129,0
14,54,1
53,84,1
64,16,0
164,34,1
130,110,1
167,149,0
24,84,0
143,148,1
28,155,0
130,33,0
126,185,0
123,74,1
47,181,0
130,42,1
140,52,0
141,172,1
10,149,0
6,89,0
14,81,1
64,36,1
47,33,1
171,190,1
200,65,0
177,101,0
47,74,1
143,183,0
123,113,1
84,187,0
90,29,0
141,36,1
121,55,0
61,71,0
93,12,0
199,190,1
114,188,0
140,53,1
156,105,0
97,29,0
169,36,0
28,131,1
81,4,0
123,130,1
123,143,1
22,138,1
132,122,1
99,137,0
60,99,1
109,76,0
0,135,1
171,94,1
198,142,1
178,10,1
157,83,1
94,158,0
27,150,0
103,180,0
121,77,0
157,131,1
121,202,0
81,137,0
64,17,1
192,116,0
60,80,1
109,112,0
199,64,1
70,207,0
27,178,1
178,117,1
143,10,0
143,139,1
198,148,1
97,152,0
133,61,0
198,6,1
121,114,1
2,105,1
63,69,0
60,54,1
112,167,0
199,89,1
173,91,0
123,168,1
60,159,1
164,160,1
203,194,0
24,50,0
50,55,0
164,205,1
58,51,0
192,73,0
141,152,1
53,134,1
24,73,0
142,180,0
199,94,1
140,127,0
130,76,0
27,20,0
10,141,0
132,38,0
79,32,0
182,37,0
27,43,1
121,161,1
178,124,1
93,115,0
103,30,0
28,176,1
16,70,0
130,30,1
7,184,0
53,156,1
77,203,0
159,66,0
171,165,1
64,150,0
42,136,0
85,144,0
82,55,0
60,119,1
22,106,0
64,201,0
143,204,0
157,38,1
45,20,0
91,188,0
77,166,0
164,153,1
154,95,0
132,30,0
44,76,0
57,32,0
198,76,1
14,203,1
92,197,0
0,19,1
97,19,0
74,135,0
178,195,1
87,160,0
140,148,1
151,98,0
49,189,0
122,32,1
8,19,0
60,17,1
47,28,1
144,166,0
121,23,1
199,179,0
172,117,0
23,13,0
47,117,0
146,91,0
207,191,0
0,38,0
64,194,1
58,159,0
121,203,0
34,138,1
158,195,0
146,102,0
164,30,1
22,75,0
64,145,1
2,166,1
150,118,0
2,40,1
45,66,0
206,124,0
14,204,1
105,163,0
53,202,0
198,35,1
178,146,1
132,69,1
140,38,0
123,93,1
8,94,0
22,21,1
28,94,0
30,26,0
108,207,0
159,79,0
88,32,0
97,16,0
150,148,0
125,124,0
104,79,0
113,112,0
2,53,1
103,104,0
122,120,1
64,92,1
123,9,1
130,165,0
34,94,1
140,87,1
50,96,0
60,15,1
26,70,0
74,168,1
163,179,0
53,31,1
21,106,0
60,168,1
102,3,0
28,55,1
28,35,1
74,133,1
178,99,1
74,202,0
34,80,1
116,101,0
31,71,0
199,193,1
123,127,1
199,111,1
110,146,0
98,97,0
108,151,0
121,147,1
2,52,1
60,158,1
53,8,1
130,108,1
140,187,1
0,88,1
191,156,0
117,192,0
141,110,1
64,12,1
39,108,0
27,96,0
6,194,0
14,201,1
141,197,1
64,143,1
59,61,0
199,73,1
0,153,0
187,128,0
130,208,1
95,87,0
43,150,0
130,150,0
82,114,0
81,133,0
195,88,0
63,49,0
123,184,1
64,7,1
24,87,0
60,120,1
122,164,1
2,99,1
14,99,0
22,86,1
28,83,0
178,151,1
54,135,0
99,141,0
122,3,1
144,45,0
33,100,0
97,166,0
198,17,1
60,25,1
130,127,1
201,48,0
49,177,0
129,177,0
47,141,0
53,62,1
36,117,0
64,192,0
130,78,0
157,156,0
22,46,0
53,50,1
140,107,1
6,39,0
122,187,1
171,180,1
171,47,1
133,154,0
60,77,1
199,124,1
63,155,0
2,115,0
135,10,0
121,74,1
0,53,1
2,172,1
107,182,0
171,168,1
0,148,1
64,26,0
117,43,1
123,124,1
157,153,0
198,116,1
123,102,1
90,72,0
0,122,1
22,26,1
64,168,1
198,175,1
194,90,0
195,73,0
9,183,0
88,13,0
121,9,1
47,139,1
2,162,1
164,171,1
60,132,1
64,2,1
0,70,1
121,116,1
22,144,1
122,149,1
198,153,1
82,41,0
68,33,0
140,13,1
2,204,1
121,45,0
123,174,1
180,135,0
64,141,1
22,194,1
56,102,0
122,129,1
122,203,1
61,103,0
199,62,1
2,168,1
14,117,1
141,130,1
2,21,1
26,119,0
34,117,0
201,11,0
34,177,0
121,78,0
140,24,0
99,3,0
199,70,1
121,12,1
28,188,0
178,86,1
64,204,1
100,38,0
105,66,0
186,156,0
155,120,0
27,126,0
201,126,0
163,68,0
53,65,1
1,119,0
121,190,1
62,114,0
90,39,0
160,206,0
74,89,0
22,10,1
134,127,0
34,160,1
8,184,0
28,190,0
60,190,1
64,101,0
198,184,1
60,166,1
43,75,0
141,134,1
63,51,0
130,112,0
22,177,1
47,161,0
64,112,1
28,80,1
130,158,1
156,39,0
122,58,1
146,16,0
140,206,1
169,146,0
14,129,1
53,81,1
27,176,1
171,80,1
130,183,0
199,83,1
14,4,1
206,162,0
28,122,1
122,168,1
140,170,1
87,112,0
121,92,1
118,107,0
124,119,0
65,131,0
199,59,1
44,91,0
130,118,0
143,57,1
143,99,0
58,107,0
200,155,0
141,81,1
123,39,1
64,93,1
47,115,0
175,177,0
60,48,1
203,205,0
198,4,1
28,85,0
23,150,0
18,141,0
28,128,0
19,108,0
0,200,1
83,32,0
178,182,1
175,130,0
136,194,0
178,144,1
141,137,0
47,113,1
143,197,1
28,110,0
135,115,0
148,158,0
158,193,0
178,126,1
64,31,0
123,5,1
180,58,0
178,3,1
0,180,0
2,22,1
125,17,0
122,205,1
140,145,0
110,121,0
121,137,1
99,83,1
171,143,1
143,131,0
53,42,1
81,48,0
27,58,0
14,85,1
198,137,0
22,33,1
166,92,0
164,208,1
122,7,1
130,148,0
140,45,1
25,193,0
49,72,0
47,36,1
58,118,0
130,88,1
161,68,0
23,91,0
117,119,0
42,24,0
164,16,1
0,31,0
27,52,0
43,54,0
121,112,1
198,83,1
28,111,0
34,12,0
143,140,1
143,168,1
135,190,0
53,116,1
140,12,0
53,136,1
16,7,0
18,99,0
31,17,0
60,14,1
2,16,0
47,94,1
168,158,0
17,112,0
182,82,0
132,50,1
178,174,1
17,189,0
171,14,1
117,144,1
69,54,0
14,149,1
35,91,0
207,139,0
28,13,1
9,25,0
161,88,0
157,195,1
132,164,1
143,144,1
140,101,1
93,92,0
108,160,0
64,144,1
138,37,0
129,184,0
60,121,1
22,108,1
12,162,0
178,2,1
171,114,1
104,175,0
206,142,0
22,82,1
21,109,0
19,101,0
194,16,0
204,26,0
14,118,0
182,104,0
198,156,1
53,113,1
164,144,1
78,91,0
143,65,1
74,46,0
2,63,1
25,188,0
129,202,0
54,30,0
140,7,1
4,68,0
56,131,0
171,34,1
199,204,1
138,88,0
208,17,0
60,197,1
132,113,0
148,197,0
114,156,0
147,5,0
34,108,0
148,194,0
122,68,1
22,124,1
2,90,1
141,55,1
139,50,0
178,141,1
14,100,1
108,177,0
36,57,0
132,150,1
81,169,0
88,29,0
74,92,1
27,1,1
28,59,1
178,180,1
34,30,1
50,85,0
141,190,1
11,19,0
117,194,1
2,18,1
44,191,0
85,179,0
170,199,0
96,126,0
14,196,1
121,128,0
123,84,1
94,72,0
64,176,1
27,3,0
85,168,0
171,13,1
155,34,0
65,174,0
63,44,0
27,202,0
124,151,0
199,108,1
175,156,0
64,46,1
140,159,0
64,155,1
198,84,1
89,137,0
27,101,0
178,97,1
34,7,1
167,183,0
164,20,0
27,113,1
138,166,0
136,43,0
47,149,1
44,77,0
198,55,1
199,191,1
198,127,1
104,102,0
130,181,0
142,196,0
74,38,1
64,122,1
27,99,0
50,44,0
136,168,0
141,145,0
126,66,0
164,94,1
64,103,1
80,182,0
2,43,1
164,141,1
199,34,1
0,115,0
101,86,0
74,45,1
61,102,0
86,166,0
63,185,0
140,169,0
164,19,1
199,163,1
117,37,0
168,186,0
34,159,0
176,184,0
49,71,0
178,173,0
143,68,0
53,100,1
91,156,0
140,37,0
208,95,0
125,34,0
88,89,0
64,82,1
166,91,0
64,149,0
14,142,1
171,43,1
2,193,1
164,128,1
122,84,1
27,195,1
151,179,0
138,30,0
60,171,1
107,36,0
60,45,1
136,40,0
1,54,0
36,84,0
27,165,0
5,183,0
140,59,1
107,160,0
19,71,0
136,141,0
171,26,1
36,116,0
97,76,0
164,66,1
89,165,0
51,192,0
0,119,1
63,59,0
140,162,0
53,91,1
34,149,1
156,160,0
63,131,0
189,80,0
99,124,0
181,189,0
164,99,1
22,7,1
34,175,0
132,185,0
34,50,1
144,50,0
143,35,1
164,131,1
53,125,1
171,187,1
55,172,0
166,147,0
74,1,1
107,114,0
14,176,1
135,186,0
64,182,1
132,39,1
204,54,0
17,177,0
64,197,1
130,63,1
64,4,0
122,33,1
171,42,1
22,133,1
53,147,1
159,38,0
6,155,0
181,98,0
122,183,0
40,170,0
60,207,1
132,109,1
64,62,0
55,179,0
150,97,0
22,126,1
47,153,0
161,176,0
27,129,1
14,12,0
0,97,1
25,158,0
171,206,1
28,179,0
97,170,0
22,181,0
22,39,1
121,130,0
34,112,0
123,0,1
92,102,0
130,154,1
70,85,0
143,24,0
189,59,0
205,19,0
124,16,0
43,192,0
27,22,1
53,48,1
73,194,0
2,38,1
53,140,1
108,169,0
122,18,1
199,90,1
122,154,1
140,112,0
142,48,0
136,184,0
158,115,0
25,191,0
191,152,0
22,28,1
198,67,1
87,162,0
53,71,1
162,52,0
0,56,1
83,95,0
47,199,1
54,31,0
28,79,0
121,208,0
81,146,0
0,107,1
123,194,1
143,156,0
48,97,0
198,10,1
54,37,0
208,7,0
105,194,0
123,106,0
1,9,0
171,207,1
187,3,0
178,4,1
171,118,1
35,62,0
60,102,1
64,138,1
60,135,1
14,95,1
183,185,0
2,25,1
198,68,1
11,57,0
178,84,1
164,118,1
84,85,0
110,54,0
72,204,0
144,111,0
53,46,1
117,77,0
139,145,0
119,187,0
62,54,0
159,106,0
0,133,1
132,100,1
143,190,0
42,177,0
53,177,1
198,162,1
123,109,1
140,18,0
53,166,1
132,195,0
96,153,0
47,179,0
28,86,0
132,44,1
88,78,0
2,8,1
123,99,1
122,169,1
123,154,1
164,29,1
53,152,1
164,170,1
174,55,0
100,55,0
7,114,0
42,158,0
27,62,0
157,89,1
170,33,0
99,163,1
32,194,0
144,207,0
28,77,1
171,6,1
178,154,1
70,100,0
99,12,1
141,182,1
34,0,1
171,9,1
178,76,1
194,78,0
198,149,1
198,5,1
2,41,0
47,159,1
164,10,1
116,187,0
64,100,1
201,146,0
29,10,0
199,106,1
38,63,0
22,78,1
123,205,1
116,162,0
2,120,1
198,118,0
140,116,0
2,128,0
74,198,1
12,33,0
0,59,1
27,207,1
199,185,1
122,97,1
27,65,0
46,99,0
28,72,0
74,10,1
55,131,0
121,126,1
176,146,0
199,103,1
207,146,0
121,80,1
143,115,0
64,142,1
64,6,1
22,178,1
2,186,1
125,96,0
164,40,0
23,154,0
59,119,0
121,118,1
134,8,0
24,81,0
47,3,0
14,24,0
28,173,0
198,71,1
119,185,0
25,83,0
39,151,0
28,154,0
50,204,0
133,42,0
164,37,1
5,9,0
123,135,1
53,54,1
22,11,1
196,92,0
141,174,0
142,65,0
157,154,0
171,51,1
14,207,1
110,23,0
97,88,0
180,128,0
143,29,1
48,92,0
34,104,0
53,112,1
28,69,0
14,177,1
62,110,0
164,187,1
141,94,1
79,108,0
171,25,1
47,176,1
47,192,0
171,101,1
28,41,0
74,81,1
85,191,0
5,46,0
171,36,1
28,181,1
145,73,0
33,1,0
34,145,0
14,1,1
28,135,0
63,137,0
164,14,1
64,85,1
97,188,0
130,50,1
74,111,1
77,151,0
64,29,1
199,147,1
140,167,0
14,189,1
14,150,1
41,71,0
178,111,1
74,165,0
15,51,0
198,141,1
143,42,1
130,35,0
22,174,1
54,7,0
0,104,1
198,195,1
53,203,1
163,39,0
178,16,1
89,75,0
174,75,0
121,6,0
164,96,1
164,192,1
61,207,0
130,45,0
172,39,1
51,130,0
140,89,0
140,154,1
14,200,1
64,18,0
32,12,0
123,172,1
143,95,1
53,13,1
26,196,0
130,185,0
162,167,0
42,7,0
19,68,0
64,49,0
164,101,1
2,82,1
14,9,1
74,21,1
2,117,1
123,47,1
17,154,0
14,67,0
53,52,1
143,172,1
187,144,0
164,26,1
141,87,1
199,24,1
1,113,0
53,200,1
141,5,0
123,199,1
199,74,1
178,51,1
26,106,0
47,57,0
171,45,1
141,35,0
18,21,0
50,188,0
122,118,0
60,188,1
14,143,1
58,83,0
130,128,0
32,141,0
123,71,1
164,46,1
143,15,0
144,188,0
206,200,0
206,127,0
2,94,1
123,50,1
74,101,0
123,161,1
145,56,0
27,81,0
44,45,0
64,107,1
19,26,0
56,89,0
80,168,0
43,31,0
73,18,0
113,16,0
143,30,1
68,80,0
130,0,1
178,19,1
202,30,0
130,29,0
24,33,0
122,134,1
22,170,1
161,107,0
69,95,0
122,95,1
174,36,0
2,207,1
157,30,1
112,180,0
0,132,1
157,202,0
199,136,1
143,129,1
27,170,0
0,106,0
143,162,1
119,146,0
140,25,1
44,99,0
27,187,1
86,65,0
123,147,1
140,160,1
53,111,1
24,105,0
132,66,0
199,96,1
122,40,1
198,124,1
74,42,1
53,195,1
138,23,0
160,79,0
199,53,1
41,195,0
117,32,0
117,16,0
143,61,1
140,208,1
2,42,1
0,73,0
138,179,0
77,57,0
22,148,1
91,152,0
60,169,1
12,181,0
0,120,0
34,28,1
22,60,1
153,170,0
103,204,0
117,101,0
171,70,1
163,52,0
160,142,0
27,77,1
22,151,1
70,106,0
123,43,1
87,33,0
36,19,0
194,37,0
126,85,0
99,49,0
23,88,0
199,208,1
74,143,1
47,30,1
171,21,1
28,152,1
64,158,1
182,204,0
207,102,0
63,143,0
171,67,1
152,157,0
21,176,0
14,158,1
135,138,0
45,111,0
114,11,0
79,42,0
168,59,0
199,167,1
198,23,1
171,99,1
0,138,1
53,129,1
186,8,0
201,112,0
193,110,0
74,204,1
130,153,0
132,179,0
22,145,1
122,39,1
141,48,0
1,55,0
14,80,1
60,165,0
3,198,0
52,35,0
140,122,1
80,95,0
53,4,1
78,26,0
74,191,1
99,177,1
113,127,0
171,121,1
73,75,0
28,90,1
34,95,0
74,130,1
0,169,0
44,84,0
28,151,1
4,79,0
186,6,0
47,182,1
99,161,1
197,154,0
34,49,0
189,208,0
28,168,1
167,81,0
121,181,0
144,208,0
47,85,1
53,204,1
28,162,1
183,70,0
27,118,0
74,50,1
35,187,0
2,171,1
51,104,0
13,200,0
157,113,0
33,195,0
178,155,1
124,24,0
132,81,1
14,199,1
22,141,1
71,16,0
47,183,0
130,147,0
71,166,0
47,190,0
36,125,0
13,188,0
14,44,1
50,126,0
26,10,0
178,207,1
2,112,1
44,58,0
141,43,1
7,125,0
27,201,1
195,187,0
133,1,0
163,63,0
60,153,1
140,9,1
121,58,1
14,29,1
198,91,1
129,141,0
0,145,0
157,110,0
130,105,1
65,13,0
0,175,1
45,114,0
197,169,0
164,143,1
27,194,0
132,26,1
157,62,1
69,184,0
117,135,1
198,122,1
157,17,1
59,62,0
64,77,1
139,170,0
178,110,1
117,149,0
2,122,1
142,56,0
74,196,1
141,194,0
4,113,0
14,82,1
76,45,0
0,125,1
47,88,1
201,109,0
130,152,0
117,162,0
12,104,0
169,196,0
50,128,0
192,49,0
138,139,0
22,62,1
2,34,1
10,6,0
114,38,0
199,35,1
47,25,1
47,126,1
0,85,1
28,91,0
26,111,0
27,59,1
34,1,0
77,21,0
96,118,0
70,37,0
29,129,0
0,24,1
53,163,1
60,20,0
199,9,1
132,49,0
143,146,0
198,49,1
135,155,0
42,162,0
199,159,1
141,68,0
198,201,1
70,125,0
123,110,1
140,111,0
114,159,0
13,93,0
157,123,1
64,80,1
199,125,1
157,69,0
76,59,0
164,172,1
143,208,0
140,134,1
171,166,1
189,86,0
84,135,0
9,32,0
34,54,0
119,81,0
47,92,0
5,120,0
30,21,0
171,116,1
122,195,1
95,131,0
27,149,0
19,160,0
74,49,1
122,82,1
64,87,1
7,148,0
31,51,0
74,95,1
60,118,0
199,77,1
127,99,0
34,161,1
14,23,1
2,173,0
122,12,0
22,20,0
74,106,0
143,96,0
42,204,0
178,0,1
178,175,1
74,189,1
122,35,1
1,40,0
4,115,0
97,112,0
106,133,0
160,48,0
154,79,0
140,90,1
171,170,1
74,178,1
157,82,0
171,109,1
178,134,1
53,143,1
27,193,0
74,186,1
198,58,1
198,119,1
60,129,1
53,154,1
47,54,0
184,88,0
161,79,0
2,72,0
2,118,1
171,93,1
184,125,0
141,38,1
83,80,0
122,152,1
171,98,1
171,174,1
28,134,1
28,39,0
143,56,0
48,173,0
199,192,1
178,8,1
154,29,0
164,68,1
185,170,0
157,180,0
9,116,0
184,188,0
10,47,0
160,89,0
6,51,0
130,1,1
143,173,0
122,115,0
138,132,0
166,21,0
18,102,0
70,175,0
199,169,1
24,97,0
2,88,1
47,170,1
55,3,0
14,116,1
160,31,0
63,30,0
88,142,0
123,131,0
44,33,0
34,8,0
166,162,0
198,190,0
30,59,0
64,134,1
140,125,0
27,183,0
171,144,1
136,17,0
14,34,0
0,15,0
141,22,1
11,77,0
157,125,1
123,145,1
28,144,1
126,112,0
182,163,0
96,116,0
9,135,0
136,139,0
123,52,1
121,19,0
140,70,1
207,39,0
0,128,0
120,146,0
61,7,0
122,132,1
78,101,0
146,125,0
11,62,0
74,37,1
199,42,1
143,125,1
102,39,0
91,162,0
8,55,0
117,154,1
27,112,0
116,200,0
14,71,1
36,61,0
47,193,0
53,25,1
22,47,1
181,179,0
122,46,0
78,116,0
178,102,1
199,196,1
28,100,1
74,138,1
206,1,0
171,24,1
153,202,0
104,197,0
64,132,1
100,147,0
7,165,0
152,92,0
93,133,0
171,103,1
22,42,1
141,153,0
14,25,1
3,169,0
123,121,1
171,134,1
74,75,0
77,133,0
189,101,0
64,190,1
0,36,1
117,123,1
121,173,0
142,31,0
67,23,0
123,126,1
171,117,1
94,55,0
47,98,0
161,1,0
149,29,0
164,73,1
65,166,0
143,104,0
198,132,1
120,72,0
22,99,1
46,97,0
2,126,1
35,24,0
123,58,1
21,50,0
5,152,0
143,126,1
189,204,0
206,204,0
0,50,1
122,54,0
60,44,1
36,146,0
178,44,1
121,95,0
177,105,0
100,80,0
121,93,0
64,71,1
105,45,0
160,120,0
22,67,0
9,26,0
173,107,0
131,179,0
140,120,1
177,128,0
121,106,0
99,207,0
122,105,1
53,106,0
189,24,0
143,107,0
199,101,1
163,197,0
147,9,0
141,60,1
140,195,1
74,5,1
22,84,1
74,102,1
0,41,0
55,154,0
64,170,1
117,179,0
30,154,0
4,193,0
47,12,1
123,150,1
122,181,1
80,61,0
64,59,1
5,77,0
171,75,1
28,145,0
199,22,1
64,96,1
183,206,0
2,129,1
198,154,1
8,50,0
86,66,0
64,191,1
0,18,1
14,152,1
140,3,0
164,124,1
123,72,0
47,78,1
130,145,0
19,179,0
64,84,1
140,204,0
0,117,1
121,4,0
60,126,1
140,39,1
121,73,1
129,174,0
199,11,1
12,173,0
164,174,1
74,88,1
157,90,1
157,128,0
60,196,1
34,11,1
195,39,0
194,102,0
167,73,0
38,49,0
178,43,1
8,160,0
64,188,0
172,159,0
151,181,0
117,183,0
71,58,0
0,207,1
198,120,0
200,107,0
140,110,0
74,17,1
14,72,0
190,180,0
198,204,1
198,60,1
27,162,0
30,165,0
18,134,0
66,119,0
145,98,0
14,28,1
84,145,0
57,63,0
157,120,0
34,20,0
28,139,1
164,106,0
0,54,0
64,55,1
130,202,0
152,86,0
64,117,1
205,183,0
14,145,1
183,54,0
199,201,1
0,198,1
164,12,1
199,88,1
80,166,0
141,205,0
178,73,0
74,205,1
117,189,1
199,50,1
62,195,0
21,150,0
75,49,0
62,181,0
141,15,0
164,47,1
132,175,1
132,40,1
103,131,0
171,19,1
130,80,1
117,87,0
198,208,1
27,56,0
27,206,1
60,130,1
187,151,0
198,167,1
25,20,0
175,11,0
56,195,0
116,145,0
60,189,1
121,133,0
102,186,0
14,56,1
22,202,0
156,97,0
6,139,0
100,11,0
64,186,1
164,194,1
63,127,0
207,55,0
98,111,0
53,151,1
42,152,0
150,31,0
199,82,1
121,67,0
22,134,1
53,190,1
122,109,1
143,79,0
123,190,0
111,149,0
195,79,0
27,197,1
60,28,1
171,86,1
178,66,1
27,203,1
0,167,1
78,117,0
123,92,1
178,61,1
164,6,1
49,208,0
60,49,1
28,187,1
74,13,1
2,57,1
76,51,0
27,191,1
53,174,1
105,48,0
164,48,1
64,164,1
80,133,0
122,140,1
127,1,0
164,127,1
164,154,1
190,81,0
178,142,1
157,170,0
28,204,0
99,196,0
2,11,1
95,32,0
123,78,1
80,176,0
166,39,0
169,63,0
60,199,1
26,136,0
140,102,1
140,29,1
6,188,0
121,183,1
164,82,1
158,90,0
53,206,1
172,88,0
182,195,0
130,167,0
27,73,0
60,35,1
178,56,1
164,139,1
61,88,0
198,113,1
130,196,0
140,2,1
117,174,0
29,40,0
164,2,1
40,106,0
105,119,0
42,135,0
48,204,0
198,182,1
25,111,0
130,97,1
121,87,0
74,7,1
172,105,0
38,160,0
130,133,1
123,3,1
143,135,1
147,156,0
0,176,1
27,95,1
199,139,1
130,140,1
0,204,1
22,53,1
158,1,0
54,29,0
198,57,0
143,189,1
2,103,1
143,41,0
99,154,0
28,5,1
164,25,1
27,26,0
157,6,0
2,32,1
2,5,1
50,174,0
157,159,0
22,164,1
0,4,1
28,127,0
0,110,0
140,98,0
122,141,1
150,170,0
81,110,0
196,81,0
94,101,0
122,98,0
166,172,0
124,93,0
22,112,0
157,206,0
64,123,1
134,112,0
182,148,0
180,1,0
37,192,0
143,109,0
121,186,0
143,50,1
185,99,0
123,2,1
34,37,0
126,1,0
99,149,1
199,176,1
140,108,1
42,43,0
18,11,0
178,147,1
53,39,1
76,134,0
93,83,0
66,62,0
156,81,0
198,7,1
198,139,1
0,12,0
129,90,0
27,80,1
2,98,1
121,144,1
160,118,0
143,5,1
205,52,0
60,42,1
56,196,0
22,72,0
27,41,0
140,14,1
164,163,1
85,92,0
99,180,1
111,97,0
143,200,1
122,78,1
172,197,0
14,40,1
27,17,1
2,184,1
23,135,0
16,180,0
195,205,0
82,159,0
27,25,1
140,182,1
189,160,0
84,51,0
66,113,0
199,97,1
121,38,1
33,146,0
130,39,1
27,116,1
0,105,0
138,165,0
147,179,0
53,126,1
25,57,0
13,185,0
178,48,1
171,112,1
27,155,0
93,59,0
192,202,0
208,138,0
198,51,1
133,15,0
64,130,1
0,134,1
130,66,0
24,113,0
0,74,0
93,51,0
202,206,0
74,59,1
78,137,0
182,7,0
185,45,0
27,145,0
199,95,1
141,77,0
56,148,0
45,87,0
47,101,0
138,46,0
187,169,0
123,177,0
98,54,0
122,14,1
155,15,0
141,13,1
60,180,1
122,127,1
0,69,1
164,9,1
157,175,0
51,155,0
110,108,0
142,84,0
47,187,1
92,191,0
205,190,0
19,41,0
140,126,0
143,169,1
47,40,1
164,45,1
198,110,1
171,108,1
203,80,0
140,118,0
127,187,0
0,46,1
164,157,1
125,31,0
22,88,1
169,188,0
22,175,1
151,32,0
204,138,0
99,84,1
140,65,0
123,208,1
123,173,0
178,192,1
141,116,1
174,136,0
0,77,1
60,74,1
140,199,1
14,109,0
192,56,0
103,125,0
28,202,0
1,21,0
193,175,0
121,123,1
199,0,1
198,130,1
64,153,0
47,65,1
158,76,0
47,184,1
125,24,0
74,104,1
99,158,0
109,142,0
78,109,0
89,58,0
14,75,0
68,30,0
199,203,1
133,105,0
117,196,0
171,44,1
121,76,0
142,148,0
47,15,0
60,32,1
0,162,0
27,16,0
27,10,0
2,202,0
195,107,0
166,12,0
5,11,0
121,90,1
5,145,0
121,145,1
11,1,0
60,146,1
121,52,0
141,92,0
27,168,1
141,139,1
2,15,0
157,1,0
116,196,0
25,44,0
171,41,1
53,36,1
91,29,0
167,191,0
80,4,0
160,202,0
48,61,0
25,24,0
122,136,1
161,46,1
8,167,0
176,103,0
140,184,1
118,205,0
58,162,0
3,88,0
184,102,0
28,170,1
74,39,0
164,65,1
27,86,0
56,144,0
28,208,1
39,126,0
2,101,1
120,204,0
74,18,1
206,75,0
178,68,1
199,164,1
34,86,0
14,111,0
169,95,0
199,200,1
164,53,1
34,19,1
14,187,1
143,205,0
130,173,0
103,153,0
53,61,1
60,3,0
199,58,1
2,66,0
141,113,0
100,87,0
122,151,1
104,18,0
64,124,1
74,161,1
163,138,0
53,34,1
81,45,0
28,51,0
200,76,0
27,82,1
195,136,0
28,93,1
198,45,1
164,28,1
122,176,1
199,2,1
157,133,1
28,43,1
127,11,0
53,119,1
17,104,0
132,4,0
17,179,0
74,163,1
150,72,0
140,179,0
171,131,1
115,36,0
130,83,0
81,92,0
164,97,1
22,92,1
76,108,0
157,138,1
108,1,0
11,120,0
2,163,1
74,144,1
143,70,1
14,124,1
34,67,0
22,95,1
157,80,0
196,44,0
164,52,1
197,10,0
175,168,0
178,171,1
60,110,1
28,89,0
140,91,1
22,163,1
8,59,0
171,12,1
143,111,0
154,1,0
67,112,0
141,142,1
53,193,1
55,98,0
122,77,1
170,43,0
22,89,1
159,90,0
199,38,1
34,78,1
137,4,0
24,147,0
149,3,0
47,49,0
189,142,0
60,109,1
171,27,1
199,130,1
189,200,0
74,90,1
126,186,0
123,128,0
208,94,0
103,152,0
147,188,0
104,139,0
178,80,1
164,61,1
198,41,1
73,79,0
122,208,1
198,43,1
22,70,1
123,85,1
143,170,0
178,77,1
198,165,1
199,87,1
64,166,1
207,11,0
59,142,0
141,66,0
199,173,1
28,175,1
140,54,0
178,59,1
134,185,0
48,50,0
2,70,1
163,82,0
116,87,0
207,188,0
123,149,1
171,169,1
60,187,1
54,145,0
78,30,0
74,72,0
140,63,1
22,81,0
198,87,1
53,98,1
157,37,0
172,86,0
0,190,0
71,18,0
157,118,0
22,4,1
164,155,1
143,177,1
39,200,0
14,121,1
121,120,1
27,142,1
141,7,1
0,185,0
122,99,1
12,168,0
14,167,1
143,12,0
28,109,0
122,133,1
63,145,0
178,37,1
74,199,1
123,25,1
77,10,0
47,56,1
171,123,1
164,77,1
140,147,1
141,143,1
130,98,0
164,80,1
27,88,1
171,57,1
43,125,0
27,154,1
22,37,1
2,93,1
27,105,0
71,127,0
2,197,1
147,174,0
143,49,1
10,151,0
38,20,0
99,16,1
141,69,0
14,48,1
179,33,0
199,171,1
118,115,0
164,200,1
92,63,0
118,137,0
2,78,1
19,196,0
82,165,0
157,10,1
132,80,1
64,208,1
134,180,0
84,125,0
141,184,1
2,29,1
36,138,0
196,154,0
97,186,0
122,57,1
58,146,0
116,97,0
198,177,1
47,75,0
60,181,1
130,27,1
16,170,0
14,162,0
64,154,1
69,150,0
64,11,1
97,83,0
27,186,1
22,203,1
61,168,0
92,151,0
133,85,0
140,30,1
122,63,1
140,94,1
143,3,0
47,140,0
146,136,0
64,136,0
148,98,0
162,10,0
171,53,1
21,104,0
41,73,0
51,78,0
130,96,0
123,187,1
198,53,1
53,77,1
141,165,0
74,207,1
123,61,1
120,131,0
129,36,0
88,31,0
120,163,0
199,61,1
197,96,0
14,155,1
140,135,1
22,152,1
27,173,0
165,110,0
105,70,0
164,63,1
2,44,1
198,63,1
22,74,1
87,101,0
47,201,1
123,116,0
13,160,0
126,43,0
121,151,0
25,29,0
64,45,1
2,71,1
14,68,1
48,82,0
140,197,1
28,136,0
144,167,0
2,17,1
123,182,1
121,187,1
130,12,0
173,80,0
39,124,0
90,13,0
74,147,1
64,116,1
0,21,1
122,15,0
122,206,1
14,135,1
76,135,0
60,87,1
157,47,1
123,152,1
34,169,1
19,155,0
28,195,0
119,163,0
27,18,0
47,133,1
168,20,0
203,191,0
187,12,0
168,179,0
130,201,1
61,165,0
135,106,0
175,87,0
164,110,1
52,31,0
104,170,0
125,52,0
78,176,0
157,85,0
201,85,0
53,141,1
90,31,0
114,110,0
74,40,0
34,136,1
63,129,1
28,116,1
64,20,0
14,98,0
53,182,1
132,87,0
123,42,1
7,91,0
74,156,1
64,41,1
145,92,0
47,4,1
171,52,1
53,124,1
64,200,1
22,14,1
157,97,0
152,31,0
64,126,1
14,182,1
112,33,0
14,148,1
0,157,1
161,167,0
117,205,1
47,20,0
2,77,1
37,85,0
118,184,0
198,40,0
28,149,0
61,45,0
22,97,1
198,194,1
122,117,1
183,100,0
121,1,0
191,86,0
157,54,1
129,189,0
130,5,0
122,79,0
99,198,1
140,119,1
178,7,1
123,40,1
60,147,1
132,197,0
123,119,1
132,144,1
199,60,1
25,43,0
69,140,0
144,156,0
53,103,1
164,142,1
64,15,1
74,22,1
178,163,1
161,174,0
21,143,0
22,169,0
122,53,1
0,123,1
164,107,1
84,23,0
60,208,1
28,12,0
8,35,0
2,192,1
53,160,1
199,188,1
7,21,0
159,103,0
60,151,1
199,104,1
141,93,1
0,13,1
35,131,0
47,119,1
152,10,0
103,118,0
121,46,0
178,41,1
27,152,1
121,153,1
13,99,0
80,127,0
193,179,0
143,48,0
122,60,1
27,55,1
166,180,0
110,76,0
47,172,1
140,15,0
123,133,1
47,60,1
60,201,1
175,207,0
14,169,1
77,175,0
134,157,0
74,183,0
74,26,1
122,71,1
60,6,1
171,152,1
70,18,0
9,144,0
0,113,1
203,32,0
142,163,0
120,7,0
14,84,1
64,167,1
105,208,0
64,83,1
164,198,1
2,195,1
164,162,1
171,208,1
155,26,0
28,54,0
122,21,1
0,137,0
5,129,0
2,141,1
0,99,0
141,183,1
18,90,0
47,99,0
161,29,0
82,204,0
0,76,1
101,84,0
178,118,0
26,138,0
123,63,1
159,137,0
141,120,1
28,125,1
27,61,1
171,200,1
171,133,1
122,150,1
2,170,1
141,151,1
121,3,1
45,133,0
64,178,1
198,101,0
0,9,1
95,130,0
208,51,0
53,142,1
171,69,1
91,158,0
164,103,1
177,165,0
74,150,1
28,50,1
143,147,1
140,173,0
100,159,0
0,78,1
14,2,1
6,183,0
28,30,1
171,107,1
27,196,0
95,134,0
143,159,0
123,198,1
117,191,0
122,113,1
27,47,0
47,50,1
178,143,1
2,20,0
0,58,0
2,73,1
124,150,0
27,158,1
61,136,0
14,154,1
187,86,0
53,43,1
117,160,0
25,110,0
140,88,1
22,179,0
186,25,0
156,43,0
34,132,0
84,152,0
33,165,0
91,104,0
171,85,1
141,126,0
140,8,1
33,97,0
178,45,1
121,160,0
64,61,1
121,143,1
199,156,1
28,92,1
62,15,0
143,106,0
47,108,1
171,31,1
141,67,0
14,0,1
22,143,1
176,149,0
2,188,1
27,87,1
14,74,1
122,8,1
124,166,0
53,179,0
22,159,1
117,22,1
70,117,0
34,156,0
171,142,1
130,155,0
132,152,1
123,10,1
132,168,0
53,58,1
178,83,0
74,107,1
93,207,0
47,194,0
122,80,1
96,84,0
0,112,0
122,4,1
117,50,1
28,40,0
171,100,1
74,60,1
171,141,1
47,17,1
4,13,0
121,62,0
123,35,1
14,21,1
0,55,1
144,138,0
122,188,0
204,96,0
123,185,1
89,16,0
130,44,1
2,138,1
141,121,1
114,125,0
201,40,0
159,166,0
0,150,1
99,174,1
158,58,0
56,177,0
85,3,0
158,46,0
171,54,1
122,102,1
197,31,0
153,192,0
9,190,0
0,98,0
60,56,1
53,60,1
140,158,1
140,186,1
84,191,0
2,28,1
71,139,0
22,136,1
146,69,0
7,17,0
13,31,0
74,201,1
55,59,0
104,185,0
147,129,0
140,19,1
60,204,1
14,115,0
66,148,0
108,141,0
86,206,0
65,195,0
65,179,0
13,44,0
176,54,0
171,71,1
74,175,1
171,195,1
53,28,1
47,83,0
14,131,0
64,165,0
47,160,0
64,68,1
14,47,1
60,5,1
47,77,1
50,15,0
28,180,0
42,69,0
2,189,1
27,143,1
143,196,0
77,81,0
123,175,1
171,32,1
45,13,0
77,13,0
74,78,1
195,159,0
143,178,1
123,12,1
11,115,0
198,103,1
123,158,1
121,189,0
22,73,1
198,11,1
89,5,0
198,98,1
53,107,1
123,90,1
27,132,0
132,178,1
123,164,1
31,103,0
53,16,1
178,49,1
22,187,1
117,92,1
123,105,0
110,175,0
55,109,0
60,200,1
25,149,0
140,73,1
140,44,1
22,6,1
50,35,0
77,163,0
122,43,1
164,179,0
87,90,0
14,141,0
34,106,0
47,150,1
129,206,0
123,44,1
34,59,1
13,40,0
171,60,1
92,189,0
5,111,0
47,111,0
122,114,1
22,123,1
53,178,1
143,97,1
96,103,0
142,156,0
53,11,1
171,176,1
145,44,0
14,130,1
55,72,0
14,193,1
142,162,0
164,206,1
117,46,0
76,33,0
129,44,0
140,109,1
25,89,0
56,73,0
11,36,0
28,7,1
27,76,1
130,186,0
74,127,1
171,62,1
64,128,1
28,186,1
141,159,0
60,184,1
191,180,0
47,79,0
57,109,0
2,198,1
76,151,0
140,164,1
64,0,1
143,83,0
92,62,0
198,197,1
21,3,0
27,104,0
60,164,1
141,158,1
53,139,1
0,89,0
132,151,0
123,176,1
12,7,0
208,70,0
121,122,1
64,10,1
60,175,1
130,109,0
0,33,1
27,185,0
122,186,1
198,115,1
2,181,1
68,191,0
64,94,1
14,93,1
47,147,1
121,129,0
150,139,0
205,21,0
32,25,0
111,36,0
37,166,0
0,203,1
22,149,0
190,89,0
60,33,1
47,144,1
122,37,0
136,89,0
74,94,1
112,56,0
49,180,0
86,71,0
22,50,1
14,188,0
2,132,1
92,9,0
178,27,1
29,200,0
28,4,0
99,29,0
130,119,1
28,182,0
198,94,0
18,49,0
22,189,1
41,16,0
4,37,0
60,30,1
34,171,1
123,115,1
13,156,0
49,172,0
93,181,0
28,75,0
122,178,1
28,114,1
198,39,1
14,49,1
178,169,1
88,121,0
3,126,0
204,155,0
162,86,0
123,76,1
48,68,0
199,6,1
47,186,0
143,192,1
178,156,1
34,194,0
13,186,0
141,146,0
119,205,0
47,143,1
130,75,0
157,136,1
100,116,0
149,191,0
105,106,0
63,61,0
198,155,1
87,161,0
199,206,1
147,83,0
92,101,0
60,191,1
150,17,0
180,41,0
121,7,1
2,75,0
27,147,1
90,81,0
42,9,0
104,183,0
117,188,0
74,195,0
164,59,1
141,96,0
93,101,0
171,153,1
171,95,1
12,190,0
198,171,1
88,139,0
117,93,1
0,102,1
28,153,0
130,107,1
121,200,0
14,83,0
163,15,0
95,39,0
141,179,0
164,168,1
60,89,1
159,25,0
198,104,1
34,62,0
157,23,0
6,116,0
23,163,0
36,63,0
198,188,0
164,11,1
0,178,1
28,29,1
0,28,1
143,187,1
171,40,1
123,101,0
92,172,0
124,38,0
65,182,0
140,10,1
119,168,0
77,204,0
10,12,0
178,1,1
200,144,0
139,15,0
165,129,0
199,51,1
123,195,1
121,16,1
143,182,1
74,190,1
171,198,1
22,9,1
122,193,1
122,202,0
64,5,1
164,8,1
60,61,1
48,136,0
2,46,1
199,41,1
169,172,0
122,207,1
126,125,0
47,177,0
2,49,1
14,43,1
101,195,0
199,14,1
178,184,1
198,88,1
60,40,1
138,187,0
15,80,0
127,84,0
28,200,1
60,22,1
194,25,0
34,93,1
94,166,0
53,208,1
143,180,0
64,120,1
140,203,1
198,100,1
27,109,0
60,176,1
14,139,1
2,56,1
37,175,0
193,127,0
0,52,1
157,144,1
117,184,1
171,64,1
199,150,1
47,76,1
53,198,1
123,179,0
159,48,0
164,51,1
80,99,0
6,65,0
2,61,1
138,207,0
12,25,0
204,79,0
53,66,1
14,114,1
27,53,1
108,25,0
87,32,0
130,20,0
151,86,0
171,111,1
22,115,1
14,163,0
22,171,1
203,21,0
32,147,0
53,70,1
147,23,0
186,136,0
14,107,1
41,58,0
28,27,1
0,108,1
140,190,0
69,205,0
9,51,0
149,71,0
77,109,0
176,52,0
199,79,1
34,91,1
74,4,1
2,106,0
74,154,1
27,44,1
141,97,1
22,161,0
164,181,1
34,103,0
157,124,0
198,8,1
99,111,1
117,17,1
34,190,0
0,82,1
74,103,1
34,127,1
122,28,1
74,83,1
60,127,1
171,177,1
87,20,0
171,120,1
130,101,0
22,122,1
58,201,0
94,202,0
64,206,1
82,203,0
28,192,0
171,90,1
22,117,1
112,195,0
47,173,0
43,163,0
198,28,1
203,30,0
92,144,0
121,86,0
208,88,0
27,189,1
0,182,1
47,131,0
17,110,0
5,81,0
171,72,0
34,98,0
27,190,0
60,112,1
47,16,0
87,184,0
123,155,0
192,149,0
121,51,0
198,13,1
143,93,1
171,189,1
174,54,0
164,111,1
178,125,0
74,66,0
121,54,1
0,146,1
105,127,0
47,206,1
14,192,0
2,95,1
203,70,0
66,161,0
53,144,1
207,157,0
124,176,0
80,103,0
191,174,0
121,180,1
132,149,1
171,132,1
60,96,1
113,68,0
143,118,0
64,81,1
27,144,1
64,60,1
117,125,0
143,166,1
167,1,0
5,78,0
47,136,1
27,94,0
105,35,0
143,31,0
164,36,1
178,112,0
28,82,1
60,155,1
85,36,0
182,102,0
90,207,0
123,167,1
184,56,0
71,115,0
171,81,1
2,131,1
53,117,1
178,138,1
2,200,1
99,117,0
0,14,1
14,13,1
53,74,1
198,168,1
141,33,1
14,138,1
123,38,0
123,33,1
65,97,0
2,23,0
47,13,1
2,37,0
28,178,1
154,13,0
206,98,0
64,102,1
14,97,1
100,44,0
28,67,0
141,42,0
74,100,1
66,78,0
184,155,0
74,12,1
123,117,1
123,94,1
7,4,0
60,203,1
47,146,1
22,199,1
28,160,0
66,8,0
132,67,0
64,75,0
2,12,1
36,24,0
14,32,0
14,6,1
178,103,1
142,96,0
198,16,1
130,104,1
122,0,1
118,128,0
165,48,0
164,175,1
28,0,1
158,51,0
29,84,0
53,7,1
92,83,0
123,191,1
19,39,0
47,102,0
157,130,1
60,64,1
33,184,0
105,160,0
8,162,0
197,9,0
74,73,0
196,12,0
122,90,1
178,88,1
47,63,1
14,78,1
141,34,0
164,27,1
49,89,0
164,72,0
60,86,1
60,170,1
123,157,1
178,189,1
160,65,0
151,12,0
2,104,1
66,192,0
48,176,0
122,85,1
121,75,1
99,7,0
96,194,0
203,29,0
116,93,0
171,73,1
86,115,0
123,202,0
123,34,1
22,118,0
69,127,0
164,49,1
117,155,0
0,159,1
143,76,1
22,54,1
196,21,0
28,24,0
68,15,0
7,179,0
164,71,1
0,75,0
198,66,1
2,68,1
97,69,0
41,62,0
42,183,0
22,8,1
90,86,0
26,179,0
171,48,1
17,54,0
141,76,1
140,80,1
90,19,0
84,1,0
166,139,0
74,43,1
2,150,1
151,176,0
46,98,0
8,174,0
143,154,0
0,201,1
130,116,0
198,1,1
45,181,0
140,104,1
112,206,0
198,61,1
22,66,1
47,145,0
122,49,1
27,34,0
11,98,0
123,197,1
53,168,1
199,66,1
22,59,1
111,154,0
28,1,1
152,187,0
64,111,1
27,106,0
164,56,1
98,118,0
141,54,0
130,102,1
150,144,0
123,14,1
205,133,0
102,29,0
132,20,0
143,81,1
122,143,1
203,75,0
167,165,0
14,45,1
164,21,1
70,144,0
22,160,1
80,159,0
22,38,1
34,21,1
123,134,1
157,26,0
108,30,0
14,178,1
77,90,0
199,158,1
121,10,0
124,32,0
158,16,0
192,18,0
47,195,1
0,94,1
74,96,0
38,12,0
171,151,1
130,117,1
34,52,1
156,169,0
51,75,0
141,90,0
199,81,1
140,114,1
27,153,0
29,197,0
199,4,1
22,79,1
178,137,0
141,169,1
60,69,1
12,19,0
22,207,1
115,180,0
140,105,1
143,175,1
43,85,0
164,54,1
166,176,0
35,201,0
122,130,1
2,47,1
192,179,0
55,146,0
2,76,1
21,153,0
123,69,1
123,103,1
125,119,0
180,205,0
90,69,0
53,93,1
123,160,1
123,6,1
123,170,1
0,10,1
68,107,0
140,26,1
28,108,1
171,15,0
171,175,1
121,28,1
198,128,1
27,180,0
198,81,1
178,57,0
142,86,0
22,125,1
96,25,0
198,107,1
99,165,0
199,148,1
29,72,0
147,79,0
40,143,0
178,177,1
140,133,1
130,168,1
178,105,1
60,8,1
185,16,0
121,102,1
74,80,1
140,115,0
39,134,0
38,105,0
93,75,0
143,201,1
164,108,1
11,146,0
32,93,0
27,75,0
198,144,1
60,58,1
141,95,0
164,176,1
63,75,0
117,152,1
199,8,1
27,35,0
28,207,1
121,198,1
2,109,1
102,187,0
14,18,1
88,38,0
27,111,0
109,72,0
64,175,1
14,205,1
60,143,1
60,92,1
60,144,1
58,131,0
102,134,0
7,96,0
122,73,0
123,20,0
99,123,1
207,206,0
64,30,1
53,80,1
83,87,0
30,188,0
47,196,0
198,96,1
28,167,1
74,70,0
63,205,1
143,138,1
123,1,1
122,185,0
160,83,0
14,170,1
40,85,0
44,92,0
123,122,1
80,126,0
22,17,1
63,97,1
45,183,0
53,59,1
64,39,1
122,162,1
114,135,0
5,98,0
191,42,0
198,85,1
6,33,0
22,165,0
64,105,1
81,65,0
199,152,1
198,54,1
85,95,0
199,40,1
2,136,1
2,176,1
27,184,1
123,125,1
180,38,0
30,187,0
198,202,0
199,39,1
10,92,0
46,113,0
130,21,0
122,124,1
53,73,1
201,19,0
164,190,1
122,167,1
2,151,1
133,6,0
26,148,0
74,85,1
30,3,0
157,86,1
120,82,0
132,135,0
0,67,0
27,79,0
35,3,0
135,167,0
201,138,0
59,41,0
168,142,0
198,189,1
157,50,0
198,59,1
182,69,0
164,109,1
184,110,0
132,51,0
94,125,0
120,170,0
130,62,0
60,161,1
157,56,0
143,52,1
154,156,0
110,12,0
157,88,0
87,135,0
22,197,1
122,112,1
29,11,0
39,101,0
198,146,1
74,157,1
205,66,0
122,86,1
74,151,1
60,193,1
117,31,0
140,68,0
157,68,0
182,201,0
60,103,1
55,90,0
50,118,0
11,196,0
164,129,1
171,178,1
28,124,1
53,186,1
178,95,1
124,111,0
0,1,1
123,196,1
80,113,0
59,134,0
67,186,0
27,4,0
30,101,0
34,25,1
69,3,0
117,171,1
140,62,1
143,181,0
37,45,0
152,61,0
122,20,0
75,32,0
170,51,0
34,107,0
115,192,0
132,111,0
130,16,0
47,162,0
60,90,1
142,23,0
18,177,0
14,41,1
120,168,0
22,49,1
200,3,0
47,138,1
140,42,1
6,101,0
34,139,0
13,130,0
22,51,1
27,157,0
178,113,1
46,100,0
24,155,0
27,21,1
10,192,0
117,91,1
108,70,0
171,183,1
130,163,0
2,199,1
104,108,0
183,61,0
131,81,0
47,48,0
28,63,1
187,54,0
25,170,0
143,55,1
189,120,0
47,121,0
111,196,0
140,93,1
178,106,0
0,91,1
198,157,1
9,78,0
141,102,0
157,67,0
133,21,0
161,193,0
60,78,1
2,108,1
121,29,0
47,87,1
34,167,0
27,40,0
27,200,1
47,124,1
164,95,1
54,193,0
108,20,0
134,191,0
164,137,1
204,184,0
122,47,1
188,11,0
122,10,1
29,202,0
64,199,1
27,163,0
141,80,1
171,167,1
74,124,1
47,14,1
60,106,1
92,126,0
164,116,1
2,48,1
53,75,1
64,156,1
53,68,1
200,78,0
172,59,0
2,190,1
8,18,0
140,1,1
71,10,0
171,159,1
17,65,0
178,65,1
174,182,0
199,194,1
104,114,0
50,187,0
28,74,0
141,40,0
53,123,1
27,103,0
44,124,0
164,158,1
134,104,0
64,114,1
28,53,1
151,78,0
130,41,1
53,82,1
2,159,1
47,35,0
164,85,1
7,59,0
60,124,1
120,175,0
45,127,0
143,77,1
108,61,0
47,61,0
121,193,0
171,138,1
104,195,0
141,178,1
194,207,0
53,9,1
42,16,0
74,93,0
178,100,1
60,75,0
47,154,1
0,60,1
174,198,0
141,4,0
29,146,0
64,140,1
18,37,0
130,206,1
88,206,0
199,5,1
141,62,1
51,100,0
76,62,0
144,153,0
0,43,1
47,128,0
0,66,0
47,106,0
14,66,1
63,192,0
2,31,0
190,175,0
2,107,1
140,174,1
130,125,0
0,147,1
151,208,0
0,96,0
198,183,1
135,116,0
53,97,1
164,38,1
130,144,1
143,136,0
140,6,1
59,118,0
21,147,0
47,1,1
198,176,1
2,69,1
0,149,1
38,169,0
143,164,1
14,11,1
171,39,1
74,184,1
11,200,0
14,197,1
28,10,1
186,172,0
2,83,1
34,206,0
53,90,1
47,93,1
123,91,1
27,19,1
96,208,0
68,208,0
47,7,1
91,109,0
0,26,0
186,197,0
28,129,1
171,63,1
34,123,1
2,156,1
59,147,0
192,102,0
172,38,0
123,180,1
64,184,1
60,105,1
197,153,0
64,159,1
8,190,0
178,135,1
142,58,0
95,35,0
33,65,0
123,104,1
149,110,0
56,115,0
180,116,0
139,68,0
44,125,0
117,109,0
16,159,0
44,154,0
141,0,1
200,83,0
140,194,1
3,204,0
14,62,1
76,136,0
34,120,0
64,118,0
173,196,0
132,22,1
53,205,1
149,6,0
132,104,0
34,207,1
164,114,1
134,187,0
28,81,0
60,137,1
22,208,1
123,80,1
43,128,0
59,101,0
0,130,1
157,55,1
74,185,0
117,65,0
143,75,0
144,195,0
199,187,1
103,75,0
29,190,0
57,133,0
167,126,0
198,20,0
168,4,0
0,111,0
138,48,0
117,166,1
192,30,0
164,15,0
113,176,0
7,19,0
26,200,0
60,172,1
199,165,1
44,39,0
47,185,0
121,195,0
85,94,0
122,147,1
191,18,0
60,21,1
22,156,1
130,190,0
80,57,0
144,20,0
157,190,1
116,91,0
191,81,0
199,65,1
30,189,0
157,163,1
27,205,0
19,85,0
82,67,0
0,40,0
141,25,1
126,48,0
28,198,1
141,16,0
200,6,0
138,21,0
208,72,0
117,13,1
27,107,0
74,148,1
22,188,0
48,4,0
27,14,1
116,58,0
60,160,1
199,31,1
122,29,1
199,32,1
172,58,0
189,11,0
29,196,0
14,89,1
140,57,1
121,149,1
0,93,1
157,66,1
171,1,1
171,197,1
53,138,1
161,35,1
194,177,0
171,79,1
40,5,0
27,151,0
140,43,1
172,156,0
2,167,1
196,38,0
164,156,1
27,138,1
141,50,1
34,119,0
76,10,0
157,32,1
202,109,0
64,28,1
147,26,0
64,51,1
119,63,0
60,97,1
107,168,0
44,158,0
140,46,0
130,43,1
22,61,1
147,150,0
99,122,1
70,121,0
121,188,0
84,130,0
143,150,0
141,193,0
56,6,0
47,167,1
117,150,0
61,9,0
113,91,0
140,201,1
152,159,0
146,163,0
29,124,0
199,45,1
155,108,0
27,160,1
22,150,1
178,11,1
123,8,1
148,30,0
77,71,0
132,84,0
140,153,0
7,10,0
2,55,1
130,89,0
161,145,0
84,9,0
64,24,1
122,125,1
178,90,1
150,168,0
27,42,1
177,121,0
94,159,0
140,95,1
2,143,1
63,24,0
185,59,0
14,19,1
143,103,1
141,78,1
2,208,1
137,112,0
78,135,0
171,0,1
21,113,0
85,75,0
52,37,0
157,73,1
74,33,0
10,204,0
